module_id,module_hash,io,port_scope,field_name,field_id,type,item_type,format,required,default_json,min_value,max_value,min_length,max_length,min_items,max_items,regex,enum_json,description,examples_json,path,content_schema_json,binding_json,rule_json,platform_limit_json
9SD,a09ec0239e3aa200382d4a3b0dc78d9633a46a3f68ad152715317a24a7ee5e9f,INPUT,limited_port,inputs.summary_style,summary_style,string,,text/plain,false,"""headlines""",,,0,64,,,,,Platform-only tuning knob; not tenant-editable.,,,,"{""allowed"":true,""allowed_selectors"":[""text"",""json"",""jsonl_first""],""object_shape"":[""from_step"",""from_file"",""selector""],""selector_rules"":{""json"":{""supports_json_path"":true,""supports_take"":false},""jsonl_first"":{""supports_json_path"":true,""supports_take"":false},""text"":{""supports_json_path"":false,""supports_take"":false}}}","{""binding"":{""allowed"":true,""allowed_selectors"":[""text"",""json"",""jsonl_first""],""object_shape"":[""from_step"",""from_file"",""selector""],""selector_rules"":{""json"":{""supports_json_path"":true,""supports_take"":false},""jsonl_first"":{""supports_json_path"":true,""supports_take"":false},""text"":{""supports_json_path"":false,""supports_take"":false}}},""id"":""summary_style"",""io"":""input"",""schema"":{""maxLength"":64,""minLength"":0}}",
9SD,a09ec0239e3aa200382d4a3b0dc78d9633a46a3f68ad152715317a24a7ee5e9f,INPUT,port,inputs.freshness_days,freshness_days,string,,text/plain,false,"""7""",,,1,4,,,^\d+$,,Freshness window for query wording (used only in text generation).,,,,"{""allowed"":true,""allowed_selectors"":[""text"",""json"",""jsonl_first""],""object_shape"":[""from_step"",""from_file"",""selector""],""selector_rules"":{""json"":{""supports_json_path"":true,""supports_take"":false},""jsonl_first"":{""supports_json_path"":true,""supports_take"":false},""text"":{""supports_json_path"":false,""supports_take"":false}}}","{""binding"":{""allowed"":true,""allowed_selectors"":[""text"",""json"",""jsonl_first""],""object_shape"":[""from_step"",""from_file"",""selector""],""selector_rules"":{""json"":{""supports_json_path"":true,""supports_take"":false},""jsonl_first"":{""supports_json_path"":true,""supports_take"":false},""text"":{""supports_json_path"":false,""supports_take"":false}}},""id"":""freshness_days"",""io"":""input"",""schema"":{""maxLength"":4,""minLength"":1,""pattern"":""^\\d+$""}}",
9SD,a09ec0239e3aa200382d4a3b0dc78d9633a46a3f68ad152715317a24a7ee5e9f,INPUT,port,inputs.language,language,string,,text/plain,false,"""en""",,,1,32,,,,,Language hint used for derived queries.,,,,"{""allowed"":true,""allowed_selectors"":[""text"",""json"",""jsonl_first""],""object_shape"":[""from_step"",""from_file"",""selector""],""selector_rules"":{""json"":{""supports_json_path"":true,""supports_take"":false},""jsonl_first"":{""supports_json_path"":true,""supports_take"":false},""text"":{""supports_json_path"":false,""supports_take"":false}}}","{""binding"":{""allowed"":true,""allowed_selectors"":[""text"",""json"",""jsonl_first""],""object_shape"":[""from_step"",""from_file"",""selector""],""selector_rules"":{""json"":{""supports_json_path"":true,""supports_take"":false},""jsonl_first"":{""supports_json_path"":true,""supports_take"":false},""text"":{""supports_json_path"":false,""supports_take"":false}}},""id"":""language"",""io"":""input"",""schema"":{""maxLength"":32,""minLength"":1}}",
9SD,a09ec0239e3aa200382d4a3b0dc78d9633a46a3f68ad152715317a24a7ee5e9f,INPUT,port,inputs.topic,topic,string,,text/plain,true,,,,1,512,,,,,Seed topic used to derive a set of Google search queries.,,,,"{""allowed"":true,""allowed_selectors"":[""text"",""json"",""jsonl_first""],""object_shape"":[""from_step"",""from_file"",""selector""],""selector_rules"":{""json"":{""supports_json_path"":true,""supports_take"":false},""jsonl_first"":{""supports_json_path"":true,""supports_take"":false},""text"":{""supports_json_path"":false,""supports_take"":false}}}","{""binding"":{""allowed"":true,""allowed_selectors"":[""text"",""json"",""jsonl_first""],""object_shape"":[""from_step"",""from_file"",""selector""],""selector_rules"":{""json"":{""supports_json_path"":true,""supports_take"":false},""jsonl_first"":{""supports_json_path"":true,""supports_take"":false},""text"":{""supports_json_path"":false,""supports_take"":false}}},""id"":""topic"",""io"":""input"",""schema"":{""maxLength"":512,""minLength"":1}}",
9SD,a09ec0239e3aa200382d4a3b0dc78d9633a46a3f68ad152715317a24a7ee5e9f,OUTPUT,port,outputs.derived_queries,derived_queries,file,,text/plain,,,,,,,,,,,One search query per line.,,derived_queries.txt,,,"{""content_schema"":null,""format"":""text/plain"",""id"":""derived_queries"",""io"":""output"",""path"":""derived_queries.txt""}",
9SD,a09ec0239e3aa200382d4a3b0dc78d9633a46a3f68ad152715317a24a7ee5e9f,OUTPUT,port,outputs.report,report,file,,application/json,,,,,,,,,,,Structured report about derived queries.,,report.json,,,"{""content_schema"":null,""format"":""application/json"",""id"":""report"",""io"":""output"",""path"":""report.json""}",
U2T,2f2b967c78f25b48ba8fcfb3cdac53da3977581d1fd8e4a6c93b87aa51a65231,INPUT,limited_port,inputs.freshness_days,freshness_days,string,,text/plain,false,"""7""",,,1,4,,,^\d+$,,Platform-only default; not tenant-editable.,,,,"{""allowed"":true,""allowed_selectors"":[""text"",""json"",""jsonl_first""],""object_shape"":[""from_step"",""from_file"",""selector""],""selector_rules"":{""json"":{""supports_json_path"":true,""supports_take"":false},""jsonl_first"":{""supports_json_path"":true,""supports_take"":false},""text"":{""supports_json_path"":false,""supports_take"":false}}}","{""binding"":{""allowed"":true,""allowed_selectors"":[""text"",""json"",""jsonl_first""],""object_shape"":[""from_step"",""from_file"",""selector""],""selector_rules"":{""json"":{""supports_json_path"":true,""supports_take"":false},""jsonl_first"":{""supports_json_path"":true,""supports_take"":false},""text"":{""supports_json_path"":false,""supports_take"":false}}},""id"":""freshness_days"",""io"":""input"",""schema"":{""maxLength"":4,""minLength"":1,""pattern"":""^\\d+$""}}",
U2T,2f2b967c78f25b48ba8fcfb3cdac53da3977581d1fd8e4a6c93b87aa51a65231,INPUT,limited_port,inputs.language,language,string,,text/plain,false,"""en""",,,1,32,,,,,Platform-only default; not tenant-editable.,,,,"{""allowed"":true,""allowed_selectors"":[""text"",""json"",""jsonl_first""],""object_shape"":[""from_step"",""from_file"",""selector""],""selector_rules"":{""json"":{""supports_json_path"":true,""supports_take"":false},""jsonl_first"":{""supports_json_path"":true,""supports_take"":false},""text"":{""supports_json_path"":false,""supports_take"":false}}}","{""binding"":{""allowed"":true,""allowed_selectors"":[""text"",""json"",""jsonl_first""],""object_shape"":[""from_step"",""from_file"",""selector""],""selector_rules"":{""json"":{""supports_json_path"":true,""supports_take"":false},""jsonl_first"":{""supports_json_path"":true,""supports_take"":false},""text"":{""supports_json_path"":false,""supports_take"":false}}},""id"":""language"",""io"":""input"",""schema"":{""maxLength"":32,""minLength"":1}}",
U2T,2f2b967c78f25b48ba8fcfb3cdac53da3977581d1fd8e4a6c93b87aa51a65231,INPUT,port,inputs.topic,topic,string,,text/plain,true,,,,1,512,,,,,Seed topic for the generated artifact.,,,,"{""allowed"":true,""allowed_selectors"":[""text"",""json"",""jsonl_first""],""object_shape"":[""from_step"",""from_file"",""selector""],""selector_rules"":{""json"":{""supports_json_path"":true,""supports_take"":false},""jsonl_first"":{""supports_json_path"":true,""supports_take"":false},""text"":{""supports_json_path"":false,""supports_take"":false}}}","{""binding"":{""allowed"":true,""allowed_selectors"":[""text"",""json"",""jsonl_first""],""object_shape"":[""from_step"",""from_file"",""selector""],""selector_rules"":{""json"":{""supports_json_path"":true,""supports_take"":false},""jsonl_first"":{""supports_json_path"":true,""supports_take"":false},""text"":{""supports_json_path"":false,""supports_take"":false}}},""id"":""topic"",""io"":""input"",""schema"":{""maxLength"":512,""minLength"":1}}",
U2T,2f2b967c78f25b48ba8fcfb3cdac53da3977581d1fd8e4a6c93b87aa51a65231,OUTPUT,port,outputs.report,report,file,,application/json,,,,,,,,,,,Structured run report.,,report.json,,,"{""content_schema"":null,""format"":""application/json"",""id"":""report"",""io"":""output"",""path"":""report.json""}",
U2T,2f2b967c78f25b48ba8fcfb3cdac53da3977581d1fd8e4a6c93b87aa51a65231,OUTPUT,port,outputs.source_text,source_text,file,,text/plain,,,,,,,,,,,Deterministic text output.,,source_text.txt,,,"{""content_schema"":null,""format"":""text/plain"",""id"":""source_text"",""io"":""output"",""path"":""source_text.txt""}",
bigfile_gen,50ed3bfc767846572d52ed0462fecde7a9e2458a05fc00d8fc328b8c4455d5ae,INPUT,port,inputs.bytes,bytes,integer,,,true,,1,,,,,,,,Number of bytes to generate.,,,,"{""allowed"":true,""allowed_selectors"":[""text"",""json"",""jsonl_first"",""jsonl"",""lines""],""object_shape"":[""from_step"",""from_file"",""selector""],""selector_rules"":{}}","{""binding"":{""allowed"":true,""allowed_selectors"":[""text"",""json"",""jsonl_first"",""jsonl"",""lines""],""object_shape"":[""from_step"",""from_file"",""selector""],""selector_rules"":{}},""id"":""bytes"",""io"":""input"",""schema"":{""minimum"":1}}",
bigfile_gen,50ed3bfc767846572d52ed0462fecde7a9e2458a05fc00d8fc328b8c4455d5ae,INPUT,port,inputs.seed,seed,string,,,false,"""""",,,,,,,,,Determinism seed.,,,,"{""allowed"":true,""allowed_selectors"":[""text"",""json"",""jsonl_first""],""object_shape"":[""from_step"",""from_file"",""selector""],""selector_rules"":{""json"":{""supports_json_path"":true,""supports_take"":false},""jsonl_first"":{""supports_json_path"":true,""supports_take"":false},""text"":{""supports_json_path"":false,""supports_take"":false}}}","{""binding"":{""allowed"":true,""allowed_selectors"":[""text"",""json"",""jsonl_first""],""object_shape"":[""from_step"",""from_file"",""selector""],""selector_rules"":{""json"":{""supports_json_path"":true,""supports_take"":false},""jsonl_first"":{""supports_json_path"":true,""supports_take"":false},""text"":{""supports_json_path"":false,""supports_take"":false}}},""id"":""seed"",""io"":""input"",""schema"":{}}",
bigfile_gen,50ed3bfc767846572d52ed0462fecde7a9e2458a05fc00d8fc328b8c4455d5ae,OUTPUT,port,outputs.big_file,big_file,file,,binary,,,,,,,,,,,Generated binary file.,,big.bin,,,"{""content_schema"":null,""format"":""binary"",""id"":""big_file"",""io"":""output"",""path"":""big.bin""}",
bigfile_gen,50ed3bfc767846572d52ed0462fecde7a9e2458a05fc00d8fc328b8c4455d5ae,OUTPUT,port,outputs.report,report,file,,json,,,,,,,,,,,Generation report including sha256 and bytes.,,report.json,,,"{""content_schema"":null,""format"":""json"",""id"":""report"",""io"":""output"",""path"":""report.json""}",
deliver_dropbox,fd93354fb0a1b59acdace4c801704fab3999fde6f4fd15a1fa236965cb98f204,INPUT,port,inputs.manifest_json,manifest_json,file,,application/json,false,,,,,,,,,,Optional manifest for the delivered package.,,,,"{""allowed"":true,""allowed_selectors"":[""text"",""json"",""jsonl_first"",""jsonl"",""lines""],""object_shape"":[""from_step"",""from_file"",""selector""],""selector_rules"":{}}","{""binding"":{""allowed"":true,""allowed_selectors"":[""text"",""json"",""jsonl_first"",""jsonl"",""lines""],""object_shape"":[""from_step"",""from_file"",""selector""],""selector_rules"":{}},""id"":""manifest_json"",""io"":""input"",""schema"":{}}",
deliver_dropbox,fd93354fb0a1b59acdace4c801704fab3999fde6f4fd15a1fa236965cb98f204,INPUT,port,inputs.package_zip,package_zip,file,,application/zip,true,,,,,,,,,,ZIP file to deliver.,,,,"{""allowed"":true,""allowed_selectors"":[""text"",""json"",""jsonl_first"",""jsonl"",""lines""],""object_shape"":[""from_step"",""from_file"",""selector""],""selector_rules"":{}}","{""binding"":{""allowed"":true,""allowed_selectors"":[""text"",""json"",""jsonl_first"",""jsonl"",""lines""],""object_shape"":[""from_step"",""from_file"",""selector""],""selector_rules"":{}},""id"":""package_zip"",""io"":""input"",""schema"":{}}",
deliver_dropbox,fd93354fb0a1b59acdace4c801704fab3999fde6f4fd15a1fa236965cb98f204,INPUT,port,inputs.remote_base_path,remote_base_path,string,,text/plain,false,"""/Apps/Platform""",,,,,,,,,Deprecated (ignored). Remote path is hard-locked to /{tenant_id}/{work_order_id}/{run_id}/{step_id}/{deliverable_id}/package.zip.,,,,"{""allowed"":true,""allowed_selectors"":[""text"",""json"",""jsonl_first""],""object_shape"":[""from_step"",""from_file"",""selector""],""selector_rules"":{""json"":{""supports_json_path"":true,""supports_take"":false},""jsonl_first"":{""supports_json_path"":true,""supports_take"":false},""text"":{""supports_json_path"":false,""supports_take"":false}}}","{""binding"":{""allowed"":true,""allowed_selectors"":[""text"",""json"",""jsonl_first""],""object_shape"":[""from_step"",""from_file"",""selector""],""selector_rules"":{""json"":{""supports_json_path"":true,""supports_take"":false},""jsonl_first"":{""supports_json_path"":true,""supports_take"":false},""text"":{""supports_json_path"":false,""supports_take"":false}}},""id"":""remote_base_path"",""io"":""input"",""schema"":{}}",
deliver_dropbox,fd93354fb0a1b59acdace4c801704fab3999fde6f4fd15a1fa236965cb98f204,OUTPUT,port,outputs.delivery_receipt_json,delivery_receipt_json,file,,application/json,,,,,,,,,,,"Delivery receipt with remote path, share link, and verification status.",,delivery_receipt.json,,,"{""content_schema"":null,""format"":""application/json"",""id"":""delivery_receipt_json"",""io"":""output"",""path"":""delivery_receipt.json""}",
deliver_onedrive,fb57ca95266d30688f67d2c53551f7f4906470eab3b1a02124b77cce977121e5,INPUT,port,inputs.manifest_json,manifest_json,file,,application/json,false,,,,,,,,,,"Optional manifest.json, used for future validation or telemetry.",,,,"{""allowed"":true,""allowed_selectors"":[""text"",""json"",""jsonl_first"",""jsonl"",""lines""],""object_shape"":[""from_step"",""from_file"",""selector""],""selector_rules"":{}}","{""binding"":{""allowed"":true,""allowed_selectors"":[""text"",""json"",""jsonl_first"",""jsonl"",""lines""],""object_shape"":[""from_step"",""from_file"",""selector""],""selector_rules"":{}},""id"":""manifest_json"",""io"":""input"",""schema"":{}}",
deliver_onedrive,fb57ca95266d30688f67d2c53551f7f4906470eab3b1a02124b77cce977121e5,INPUT,port,inputs.package_zip,package_zip,file,,application/zip,true,,,,,,,,,,The package.zip produced by the packaging step.,,,,"{""allowed"":true,""allowed_selectors"":[""text"",""json"",""jsonl_first"",""jsonl"",""lines""],""object_shape"":[""from_step"",""from_file"",""selector""],""selector_rules"":{}}","{""binding"":{""allowed"":true,""allowed_selectors"":[""text"",""json"",""jsonl_first"",""jsonl"",""lines""],""object_shape"":[""from_step"",""from_file"",""selector""],""selector_rules"":{}},""id"":""package_zip"",""io"":""input"",""schema"":{}}",
deliver_onedrive,fb57ca95266d30688f67d2c53551f7f4906470eab3b1a02124b77cce977121e5,INPUT,port,inputs.remote_base_path,remote_base_path,string,,,false,"""/Apps/Platform""",,,,,,,,,Base folder path in OneDrive under which the deterministic path will be created.,,,,"{""allowed"":true,""allowed_selectors"":[""text"",""json"",""jsonl_first""],""object_shape"":[""from_step"",""from_file"",""selector""],""selector_rules"":{""json"":{""supports_json_path"":true,""supports_take"":false},""jsonl_first"":{""supports_json_path"":true,""supports_take"":false},""text"":{""supports_json_path"":false,""supports_take"":false}}}","{""binding"":{""allowed"":true,""allowed_selectors"":[""text"",""json"",""jsonl_first""],""object_shape"":[""from_step"",""from_file"",""selector""],""selector_rules"":{""json"":{""supports_json_path"":true,""supports_take"":false},""jsonl_first"":{""supports_json_path"":true,""supports_take"":false},""text"":{""supports_json_path"":false,""supports_take"":false}}},""id"":""remote_base_path"",""io"":""input"",""schema"":{}}",
deliver_onedrive,fb57ca95266d30688f67d2c53551f7f4906470eab3b1a02124b77cce977121e5,OUTPUT,port,outputs.delivery_receipt_json,delivery_receipt_json,file,,application/json,,,,,,,,,,,"Delivery receipt with remote path, share link, and verification status.",,delivery_receipt.json,,,"{""content_schema"":null,""format"":""application/json"",""id"":""delivery_receipt_json"",""io"":""output"",""path"":""delivery_receipt.json""}",
deliver_onedrive,fb57ca95266d30688f67d2c53551f7f4906470eab3b1a02124b77cce977121e5,OUTPUT,port,outputs.report_json,report_json,file,,application/json,,,,,,,,,,,Error report when delivery fails.,,report.json,,,"{""content_schema"":null,""format"":""application/json"",""id"":""report_json"",""io"":""output"",""path"":""report.json""}",
package_std,be03947b5f853f1f78cb61e157ab7d419f81b1815ca73b42063c6672e6390e21,INPUT,port,inputs.bound_outputs,bound_outputs,array,object,application/json,true,,,,,,1,,,,List of output bindings to include in the package. Each item binds an upstream step output using from_step + output_id and optionally renames it in the ZIP via as_path.,,,,"{""allowed"":true,""allowed_selectors"":[],""object_shape"":[""from_step"",""output_id"",""as_path""],""require_output_id"":true,""selector_rules"":{}}","{""binding"":{""allowed"":true,""allowed_selectors"":[],""object_shape"":[""from_step"",""output_id"",""as_path""],""require_output_id"":true,""selector_rules"":{}},""id"":""bound_outputs"",""io"":""input"",""schema"":{""minItems"":1}}",
package_std,be03947b5f853f1f78cb61e157ab7d419f81b1815ca73b42063c6672e6390e21,OUTPUT,port,outputs.manifest_csv,manifest_csv,file,,text/csv,,,,,,,,,,,Deterministic manifest CSV describing packaged files.,,manifest.csv,,,"{""content_schema"":null,""format"":""text/csv"",""id"":""manifest_csv"",""io"":""output"",""path"":""manifest.csv""}",
package_std,be03947b5f853f1f78cb61e157ab7d419f81b1815ca73b42063c6672e6390e21,OUTPUT,port,outputs.manifest_json,manifest_json,file,,application/json,,,,,,,,,,,Deterministic manifest describing packaged files.,,manifest.json,,,"{""content_schema"":null,""format"":""application/json"",""id"":""manifest_json"",""io"":""output"",""path"":""manifest.json""}",
package_std,be03947b5f853f1f78cb61e157ab7d419f81b1815ca73b42063c6672e6390e21,OUTPUT,port,outputs.package_zip,package_zip,file,,application/zip,,,,,,,,,,,Deterministic ZIP containing staged files and both manifests.,,package.zip,,,"{""content_schema"":null,""format"":""application/zip"",""id"":""package_zip"",""io"":""output"",""path"":""package.zip""}",
wxi,c339d767472991ecc238fa4aadd2104335a05508a6aeee634f9ed2aa34fc5405,INPUT,limited_port,inputs.download_images,download_images,boolean,,text/plain,false,false,,,,,,,,,"Platform-only. When true, download full images into images/.",,,,"{""allowed"":true,""allowed_selectors"":[""text"",""json"",""jsonl_first"",""jsonl"",""lines""],""object_shape"":[""from_step"",""from_file"",""selector""],""selector_rules"":{}}","{""binding"":{""allowed"":true,""allowed_selectors"":[""text"",""json"",""jsonl_first"",""jsonl"",""lines""],""object_shape"":[""from_step"",""from_file"",""selector""],""selector_rules"":{}},""id"":""download_images"",""io"":""input"",""schema"":{}}",
wxi,c339d767472991ecc238fa4aadd2104335a05508a6aeee634f9ed2aa34fc5405,INPUT,limited_port,inputs.download_thumbnails,download_thumbnails,boolean,,text/plain,false,false,,,,,,,,,"Platform-only. When true, download thumbnailLink files into thumbnails/.",,,,"{""allowed"":true,""allowed_selectors"":[""text"",""json"",""jsonl_first"",""jsonl"",""lines""],""object_shape"":[""from_step"",""from_file"",""selector""],""selector_rules"":{}}","{""binding"":{""allowed"":true,""allowed_selectors"":[""text"",""json"",""jsonl_first"",""jsonl"",""lines""],""object_shape"":[""from_step"",""from_file"",""selector""],""selector_rules"":{}},""id"":""download_thumbnails"",""io"":""input"",""schema"":{}}",
wxi,c339d767472991ecc238fa4aadd2104335a05508a6aeee634f9ed2aa34fc5405,INPUT,limited_port,inputs.lang,lang,string,,text/plain,false,"""en""",,,1,32,,,,,Platform-only language hint used for output annotations.,,,,"{""allowed"":true,""allowed_selectors"":[""text"",""json"",""jsonl_first""],""object_shape"":[""from_step"",""from_file"",""selector""],""selector_rules"":{""json"":{""supports_json_path"":true,""supports_take"":false},""jsonl_first"":{""supports_json_path"":true,""supports_take"":false},""text"":{""supports_json_path"":false,""supports_take"":false}}}","{""binding"":{""allowed"":true,""allowed_selectors"":[""text"",""json"",""jsonl_first""],""object_shape"":[""from_step"",""from_file"",""selector""],""selector_rules"":{""json"":{""supports_json_path"":true,""supports_take"":false},""jsonl_first"":{""supports_json_path"":true,""supports_take"":false},""text"":{""supports_json_path"":false,""supports_take"":false}}},""id"":""lang"",""io"":""input"",""schema"":{""maxLength"":32,""minLength"":1}}",
wxi,c339d767472991ecc238fa4aadd2104335a05508a6aeee634f9ed2aa34fc5405,INPUT,limited_port,inputs.search_type,search_type,string,,text/plain,false,"""image""",,,,,,,,"[""image""]",Platform-enforced. Must be 'image' for this module.,,,,"{""allowed"":true,""allowed_selectors"":[""text"",""json"",""jsonl_first""],""object_shape"":[""from_step"",""from_file"",""selector""],""selector_rules"":{""json"":{""supports_json_path"":true,""supports_take"":false},""jsonl_first"":{""supports_json_path"":true,""supports_take"":false},""text"":{""supports_json_path"":false,""supports_take"":false}}}","{""binding"":{""allowed"":true,""allowed_selectors"":[""text"",""json"",""jsonl_first""],""object_shape"":[""from_step"",""from_file"",""selector""],""selector_rules"":{""json"":{""supports_json_path"":true,""supports_take"":false},""jsonl_first"":{""supports_json_path"":true,""supports_take"":false},""text"":{""supports_json_path"":false,""supports_take"":false}}},""id"":""search_type"",""io"":""input"",""schema"":{""enum"":[""image""]}}",
wxi,c339d767472991ecc238fa4aadd2104335a05508a6aeee634f9ed2aa34fc5405,INPUT,port,inputs.img_color_type,img_color_type,string,,text/plain,false,,,,,,,,,"[""color"",""gray"",""mono"",null]",Image color type filter (Google CSE imgColorType).,,,,"{""allowed"":true,""allowed_selectors"":[""text"",""json"",""jsonl_first""],""object_shape"":[""from_step"",""from_file"",""selector""],""selector_rules"":{""json"":{""supports_json_path"":true,""supports_take"":false},""jsonl_first"":{""supports_json_path"":true,""supports_take"":false},""text"":{""supports_json_path"":false,""supports_take"":false}}}","{""binding"":{""allowed"":true,""allowed_selectors"":[""text"",""json"",""jsonl_first""],""object_shape"":[""from_step"",""from_file"",""selector""],""selector_rules"":{""json"":{""supports_json_path"":true,""supports_take"":false},""jsonl_first"":{""supports_json_path"":true,""supports_take"":false},""text"":{""supports_json_path"":false,""supports_take"":false}}},""id"":""img_color_type"",""io"":""input"",""schema"":{""enum"":[""color"",""gray"",""mono"",null],""nullable"":true}}",
wxi,c339d767472991ecc238fa4aadd2104335a05508a6aeee634f9ed2aa34fc5405,INPUT,port,inputs.img_dominant_color,img_dominant_color,string,,text/plain,false,,,,,,,,,"[""black"",""blue"",""brown"",""gray"",""green"",""orange"",""pink"",""purple"",""red"",""teal"",""white"",""yellow"",null]",Dominant color filter (Google CSE imgDominantColor).,,,,"{""allowed"":true,""allowed_selectors"":[""text"",""json"",""jsonl_first""],""object_shape"":[""from_step"",""from_file"",""selector""],""selector_rules"":{""json"":{""supports_json_path"":true,""supports_take"":false},""jsonl_first"":{""supports_json_path"":true,""supports_take"":false},""text"":{""supports_json_path"":false,""supports_take"":false}}}","{""binding"":{""allowed"":true,""allowed_selectors"":[""text"",""json"",""jsonl_first""],""object_shape"":[""from_step"",""from_file"",""selector""],""selector_rules"":{""json"":{""supports_json_path"":true,""supports_take"":false},""jsonl_first"":{""supports_json_path"":true,""supports_take"":false},""text"":{""supports_json_path"":false,""supports_take"":false}}},""id"":""img_dominant_color"",""io"":""input"",""schema"":{""enum"":[""black"",""blue"",""brown"",""gray"",""green"",""orange"",""pink"",""purple"",""red"",""teal"",""white"",""yellow"",null],""nullable"":true}}",
wxi,c339d767472991ecc238fa4aadd2104335a05508a6aeee634f9ed2aa34fc5405,INPUT,port,inputs.img_size,img_size,string,,text/plain,false,,,,,,,,,"[""icon"",""small"",""medium"",""large"",""xlarge"",""xxlarge"",""huge"",null]",Image size filter (Google CSE imgSize).,,,,"{""allowed"":true,""allowed_selectors"":[""text"",""json"",""jsonl_first""],""object_shape"":[""from_step"",""from_file"",""selector""],""selector_rules"":{""json"":{""supports_json_path"":true,""supports_take"":false},""jsonl_first"":{""supports_json_path"":true,""supports_take"":false},""text"":{""supports_json_path"":false,""supports_take"":false}}}","{""binding"":{""allowed"":true,""allowed_selectors"":[""text"",""json"",""jsonl_first""],""object_shape"":[""from_step"",""from_file"",""selector""],""selector_rules"":{""json"":{""supports_json_path"":true,""supports_take"":false},""jsonl_first"":{""supports_json_path"":true,""supports_take"":false},""text"":{""supports_json_path"":false,""supports_take"":false}}},""id"":""img_size"",""io"":""input"",""schema"":{""enum"":[""icon"",""small"",""medium"",""large"",""xlarge"",""xxlarge"",""huge"",null],""nullable"":true}}",
wxi,c339d767472991ecc238fa4aadd2104335a05508a6aeee634f9ed2aa34fc5405,INPUT,port,inputs.img_type,img_type,string,,text/plain,false,,,,,,,,,"[""clipart"",""face"",""lineart"",""stock"",""photo"",""animated"",null]",Image type filter (Google CSE imgType).,,,,"{""allowed"":true,""allowed_selectors"":[""text"",""json"",""jsonl_first""],""object_shape"":[""from_step"",""from_file"",""selector""],""selector_rules"":{""json"":{""supports_json_path"":true,""supports_take"":false},""jsonl_first"":{""supports_json_path"":true,""supports_take"":false},""text"":{""supports_json_path"":false,""supports_take"":false}}}","{""binding"":{""allowed"":true,""allowed_selectors"":[""text"",""json"",""jsonl_first""],""object_shape"":[""from_step"",""from_file"",""selector""],""selector_rules"":{""json"":{""supports_json_path"":true,""supports_take"":false},""jsonl_first"":{""supports_json_path"":true,""supports_take"":false},""text"":{""supports_json_path"":false,""supports_take"":false}}},""id"":""img_type"",""io"":""input"",""schema"":{""enum"":[""clipart"",""face"",""lineart"",""stock"",""photo"",""animated"",null],""nullable"":true}}",
wxi,c339d767472991ecc238fa4aadd2104335a05508a6aeee634f9ed2aa34fc5405,INPUT,port,inputs.max_items_per_query,max_items_per_query,integer,,text/plain,false,50,1,100,,,,,,,Requested max results per query (hard-capped by the module to 100).,,,,"{""allowed"":true,""allowed_selectors"":[""text"",""json"",""jsonl_first"",""jsonl"",""lines""],""object_shape"":[""from_step"",""from_file"",""selector""],""selector_rules"":{}}","{""binding"":{""allowed"":true,""allowed_selectors"":[""text"",""json"",""jsonl_first"",""jsonl"",""lines""],""object_shape"":[""from_step"",""from_file"",""selector""],""selector_rules"":{}},""id"":""max_items_per_query"",""io"":""input"",""schema"":{""maximum"":100,""minimum"":1}}",
wxi,c339d767472991ecc238fa4aadd2104335a05508a6aeee634f9ed2aa34fc5405,INPUT,port,inputs.queries,queries,array,string,application/json,true,,,,,,1,5,,,List of image search query strings (1..5).,,,,"{""allowed"":true,""allowed_selectors"":[""lines""],""object_shape"":[""from_step"",""from_file"",""selector""],""selector_rules"":{""lines"":{""max_take"":5,""supports_json_path"":false,""supports_take"":true}}}","{""binding"":{""allowed"":true,""allowed_selectors"":[""lines""],""object_shape"":[""from_step"",""from_file"",""selector""],""selector_rules"":{""lines"":{""max_take"":5,""supports_json_path"":false,""supports_take"":true}}},""id"":""queries"",""io"":""input"",""schema"":{""items"":{""maxLength"":256,""minLength"":1},""maxItems"":5,""minItems"":1}}",
wxi,c339d767472991ecc238fa4aadd2104335a05508a6aeee634f9ed2aa34fc5405,INPUT,port,inputs.safe,safe,string,,text/plain,false,"""active""",,,,,,,,"[""active"",false]","SafeSearch filtering. ENUM: active, off.",,,,"{""allowed"":true,""allowed_selectors"":[""text"",""json"",""jsonl_first""],""object_shape"":[""from_step"",""from_file"",""selector""],""selector_rules"":{""json"":{""supports_json_path"":true,""supports_take"":false},""jsonl_first"":{""supports_json_path"":true,""supports_take"":false},""text"":{""supports_json_path"":false,""supports_take"":false}}}","{""binding"":{""allowed"":true,""allowed_selectors"":[""text"",""json"",""jsonl_first""],""object_shape"":[""from_step"",""from_file"",""selector""],""selector_rules"":{""json"":{""supports_json_path"":true,""supports_take"":false},""jsonl_first"":{""supports_json_path"":true,""supports_take"":false},""text"":{""supports_json_path"":false,""supports_take"":false}}},""id"":""safe"",""io"":""input"",""schema"":{""enum"":[""active"",false]}}",
wxi,c339d767472991ecc238fa4aadd2104335a05508a6aeee634f9ed2aa34fc5405,OUTPUT,port,outputs.images_dir,images_dir,dir,,application/octet-stream,,,,,,,,,,,Downloaded full images (if enabled).,,images,,,"{""content_schema"":null,""format"":""application/octet-stream"",""id"":""images_dir"",""io"":""output"",""path"":""images""}",
wxi,c339d767472991ecc238fa4aadd2104335a05508a6aeee634f9ed2aa34fc5405,OUTPUT,port,outputs.images_index,images_index,file,,application/x-jsonlines,,,,,,,,,,,Index of downloaded full images (one JSON object per line).,,images/index.jsonl,,,"{""content_schema"":null,""format"":""application/x-jsonlines"",""id"":""images_index"",""io"":""output"",""path"":""images/index.jsonl""}",
wxi,c339d767472991ecc238fa4aadd2104335a05508a6aeee634f9ed2aa34fc5405,OUTPUT,port,outputs.report,report,file,,application/json,,,,,,,,,,,"Run summary (timing, counts, errors).",,report.json,,,"{""content_schema"":null,""format"":""application/json"",""id"":""report"",""io"":""output"",""path"":""report.json""}",
wxi,c339d767472991ecc238fa4aadd2104335a05508a6aeee634f9ed2aa34fc5405,OUTPUT,port,outputs.results,results,file,,application/x-jsonlines,,,,,,,,,,,One JSON object per line: query + image result item metadata.,,results.jsonl,,,"{""content_schema"":null,""format"":""application/x-jsonlines"",""id"":""results"",""io"":""output"",""path"":""results.jsonl""}",
wxi,c339d767472991ecc238fa4aadd2104335a05508a6aeee634f9ed2aa34fc5405,OUTPUT,port,outputs.thumbnails_dir,thumbnails_dir,dir,,application/octet-stream,,,,,,,,,,,Downloaded thumbnail images (if enabled).,,thumbnails,,,"{""content_schema"":null,""format"":""application/octet-stream"",""id"":""thumbnails_dir"",""io"":""output"",""path"":""thumbnails""}",
wxi,c339d767472991ecc238fa4aadd2104335a05508a6aeee634f9ed2aa34fc5405,OUTPUT,port,outputs.thumbnails_index,thumbnails_index,file,,application/x-jsonlines,,,,,,,,,,,Index of downloaded thumbnails (one JSON object per line).,,thumbnails/index.jsonl,,,"{""content_schema"":null,""format"":""application/x-jsonlines"",""id"":""thumbnails_index"",""io"":""output"",""path"":""thumbnails/index.jsonl""}",
wxz,0af9108b1057bba97d06bac3c64d75e531172de221616a8de5b329e35ac29210,INPUT,limited_port,inputs.lang,lang,string,,text/plain,false,"""en""",,,1,32,,,,,Platform-only language hint used for output annotations.,,,,"{""allowed"":true,""allowed_selectors"":[""text"",""json"",""jsonl_first""],""object_shape"":[""from_step"",""from_file"",""selector""],""selector_rules"":{""json"":{""supports_json_path"":true,""supports_take"":false},""jsonl_first"":{""supports_json_path"":true,""supports_take"":false},""text"":{""supports_json_path"":false,""supports_take"":false}}}","{""binding"":{""allowed"":true,""allowed_selectors"":[""text"",""json"",""jsonl_first""],""object_shape"":[""from_step"",""from_file"",""selector""],""selector_rules"":{""json"":{""supports_json_path"":true,""supports_take"":false},""jsonl_first"":{""supports_json_path"":true,""supports_take"":false},""text"":{""supports_json_path"":false,""supports_take"":false}}},""id"":""lang"",""io"":""input"",""schema"":{""maxLength"":32,""minLength"":1}}",
wxz,0af9108b1057bba97d06bac3c64d75e531172de221616a8de5b329e35ac29210,INPUT,port,inputs.cr,cr,string,,text/plain,false,,,,,,,,,,"Optional country restriction expression (e.g., countryUS).",,,,"{""allowed"":true,""allowed_selectors"":[""text"",""json"",""jsonl_first""],""object_shape"":[""from_step"",""from_file"",""selector""],""selector_rules"":{""json"":{""supports_json_path"":true,""supports_take"":false},""jsonl_first"":{""supports_json_path"":true,""supports_take"":false},""text"":{""supports_json_path"":false,""supports_take"":false}}}","{""binding"":{""allowed"":true,""allowed_selectors"":[""text"",""json"",""jsonl_first""],""object_shape"":[""from_step"",""from_file"",""selector""],""selector_rules"":{""json"":{""supports_json_path"":true,""supports_take"":false},""jsonl_first"":{""supports_json_path"":true,""supports_take"":false},""text"":{""supports_json_path"":false,""supports_take"":false}}},""id"":""cr"",""io"":""input"",""schema"":{""nullable"":true}}",
wxz,0af9108b1057bba97d06bac3c64d75e531172de221616a8de5b329e35ac29210,INPUT,port,inputs.date_restrict,date_restrict,string,,text/plain,false,,,,,,,,^(d|w|m|y)\d+$,,"Optional relative date window. Pattern: d[number], w[number], m[number], y[number]. Example: d7 for last 7 days.",,,,"{""allowed"":true,""allowed_selectors"":[""text"",""json"",""jsonl_first""],""object_shape"":[""from_step"",""from_file"",""selector""],""selector_rules"":{""json"":{""supports_json_path"":true,""supports_take"":false},""jsonl_first"":{""supports_json_path"":true,""supports_take"":false},""text"":{""supports_json_path"":false,""supports_take"":false}}}","{""binding"":{""allowed"":true,""allowed_selectors"":[""text"",""json"",""jsonl_first""],""object_shape"":[""from_step"",""from_file"",""selector""],""selector_rules"":{""json"":{""supports_json_path"":true,""supports_take"":false},""jsonl_first"":{""supports_json_path"":true,""supports_take"":false},""text"":{""supports_json_path"":false,""supports_take"":false}}},""id"":""date_restrict"",""io"":""input"",""schema"":{""nullable"":true,""pattern"":""^(d|w|m|y)\\d+$""}}",
wxz,0af9108b1057bba97d06bac3c64d75e531172de221616a8de5b329e35ac29210,INPUT,port,inputs.dedupe,dedupe,object,,application/json,false,"{""enabled"":true,""strip_tracking_params"":true}",,,,,,,,,Deduplication,,,,"{""allowed"":true,""allowed_selectors"":[""json"",""jsonl_first""],""object_shape"":[""from_step"",""from_file"",""selector""],""selector_rules"":{""json"":{""supports_json_path"":true,""supports_take"":false},""jsonl_first"":{""supports_json_path"":true,""supports_take"":false}}}","{""binding"":{""allowed"":true,""allowed_selectors"":[""json"",""jsonl_first""],""object_shape"":[""from_step"",""from_file"",""selector""],""selector_rules"":{""json"":{""supports_json_path"":true,""supports_take"":false},""jsonl_first"":{""supports_json_path"":true,""supports_take"":false}}},""id"":""dedupe"",""io"":""input"",""schema"":{}}",
wxz,0af9108b1057bba97d06bac3c64d75e531172de221616a8de5b329e35ac29210,INPUT,port,inputs.exact_terms,exact_terms,string,,text/plain,false,,,,,256,,,,,Optional phrase that must appear in results.,,,,"{""allowed"":true,""allowed_selectors"":[""text"",""json"",""jsonl_first""],""object_shape"":[""from_step"",""from_file"",""selector""],""selector_rules"":{""json"":{""supports_json_path"":true,""supports_take"":false},""jsonl_first"":{""supports_json_path"":true,""supports_take"":false},""text"":{""supports_json_path"":false,""supports_take"":false}}}","{""binding"":{""allowed"":true,""allowed_selectors"":[""text"",""json"",""jsonl_first""],""object_shape"":[""from_step"",""from_file"",""selector""],""selector_rules"":{""json"":{""supports_json_path"":true,""supports_take"":false},""jsonl_first"":{""supports_json_path"":true,""supports_take"":false},""text"":{""supports_json_path"":false,""supports_take"":false}}},""id"":""exact_terms"",""io"":""input"",""schema"":{""maxLength"":256,""nullable"":true}}",
wxz,0af9108b1057bba97d06bac3c64d75e531172de221616a8de5b329e35ac29210,INPUT,port,inputs.exclude_terms,exclude_terms,string,,text/plain,false,,,,,256,,,,,Optional terms to exclude from results.,,,,"{""allowed"":true,""allowed_selectors"":[""text"",""json"",""jsonl_first""],""object_shape"":[""from_step"",""from_file"",""selector""],""selector_rules"":{""json"":{""supports_json_path"":true,""supports_take"":false},""jsonl_first"":{""supports_json_path"":true,""supports_take"":false},""text"":{""supports_json_path"":false,""supports_take"":false}}}","{""binding"":{""allowed"":true,""allowed_selectors"":[""text"",""json"",""jsonl_first""],""object_shape"":[""from_step"",""from_file"",""selector""],""selector_rules"":{""json"":{""supports_json_path"":true,""supports_take"":false},""jsonl_first"":{""supports_json_path"":true,""supports_take"":false},""text"":{""supports_json_path"":false,""supports_take"":false}}},""id"":""exclude_terms"",""io"":""input"",""schema"":{""maxLength"":256,""nullable"":true}}",
wxz,0af9108b1057bba97d06bac3c64d75e531172de221616a8de5b329e35ac29210,INPUT,port,inputs.file_type,file_type,string,,text/plain,false,,,,,16,,,,,"Optional file extension restriction (e.g., pdf).",,,,"{""allowed"":true,""allowed_selectors"":[""text"",""json"",""jsonl_first""],""object_shape"":[""from_step"",""from_file"",""selector""],""selector_rules"":{""json"":{""supports_json_path"":true,""supports_take"":false},""jsonl_first"":{""supports_json_path"":true,""supports_take"":false},""text"":{""supports_json_path"":false,""supports_take"":false}}}","{""binding"":{""allowed"":true,""allowed_selectors"":[""text"",""json"",""jsonl_first""],""object_shape"":[""from_step"",""from_file"",""selector""],""selector_rules"":{""json"":{""supports_json_path"":true,""supports_take"":false},""jsonl_first"":{""supports_json_path"":true,""supports_take"":false},""text"":{""supports_json_path"":false,""supports_take"":false}}},""id"":""file_type"",""io"":""input"",""schema"":{""maxLength"":16,""nullable"":true}}",
wxz,0af9108b1057bba97d06bac3c64d75e531172de221616a8de5b329e35ac29210,INPUT,port,inputs.filter_duplicates,filter_duplicates,boolean,,text/plain,false,true,,,,,,,,,Google duplicate content filter. True => filter=1.,,,,"{""allowed"":true,""allowed_selectors"":[""text"",""json"",""jsonl_first"",""jsonl"",""lines""],""object_shape"":[""from_step"",""from_file"",""selector""],""selector_rules"":{}}","{""binding"":{""allowed"":true,""allowed_selectors"":[""text"",""json"",""jsonl_first"",""jsonl"",""lines""],""object_shape"":[""from_step"",""from_file"",""selector""],""selector_rules"":{}},""id"":""filter_duplicates"",""io"":""input"",""schema"":{}}",
wxz,0af9108b1057bba97d06bac3c64d75e531172de221616a8de5b329e35ac29210,INPUT,port,inputs.gl,gl,string,,text/plain,false,,,,,,,,^[a-z]{2}$,,"Optional two-letter country code for geolocation boosting (e.g., us, gb).",,,,"{""allowed"":true,""allowed_selectors"":[""text"",""json"",""jsonl_first""],""object_shape"":[""from_step"",""from_file"",""selector""],""selector_rules"":{""json"":{""supports_json_path"":true,""supports_take"":false},""jsonl_first"":{""supports_json_path"":true,""supports_take"":false},""text"":{""supports_json_path"":false,""supports_take"":false}}}","{""binding"":{""allowed"":true,""allowed_selectors"":[""text"",""json"",""jsonl_first""],""object_shape"":[""from_step"",""from_file"",""selector""],""selector_rules"":{""json"":{""supports_json_path"":true,""supports_take"":false},""jsonl_first"":{""supports_json_path"":true,""supports_take"":false},""text"":{""supports_json_path"":false,""supports_take"":false}}},""id"":""gl"",""io"":""input"",""schema"":{""nullable"":true,""pattern"":""^[a-z]{2}$""}}",
wxz,0af9108b1057bba97d06bac3c64d75e531172de221616a8de5b329e35ac29210,INPUT,port,inputs.high_range,high_range,string,,text/plain,false,,,,,32,,,,,Optional numeric high range appended to query with low_range.,,,,"{""allowed"":true,""allowed_selectors"":[""text"",""json"",""jsonl_first""],""object_shape"":[""from_step"",""from_file"",""selector""],""selector_rules"":{""json"":{""supports_json_path"":true,""supports_take"":false},""jsonl_first"":{""supports_json_path"":true,""supports_take"":false},""text"":{""supports_json_path"":false,""supports_take"":false}}}","{""binding"":{""allowed"":true,""allowed_selectors"":[""text"",""json"",""jsonl_first""],""object_shape"":[""from_step"",""from_file"",""selector""],""selector_rules"":{""json"":{""supports_json_path"":true,""supports_take"":false},""jsonl_first"":{""supports_json_path"":true,""supports_take"":false},""text"":{""supports_json_path"":false,""supports_take"":false}}},""id"":""high_range"",""io"":""input"",""schema"":{""maxLength"":32,""nullable"":true}}",
wxz,0af9108b1057bba97d06bac3c64d75e531172de221616a8de5b329e35ac29210,INPUT,port,inputs.hl,hl,string,,text/plain,false,,,,2,16,,,,,"Optional UI language code (e.g., en, es, ru).",,,,"{""allowed"":true,""allowed_selectors"":[""text"",""json"",""jsonl_first""],""object_shape"":[""from_step"",""from_file"",""selector""],""selector_rules"":{""json"":{""supports_json_path"":true,""supports_take"":false},""jsonl_first"":{""supports_json_path"":true,""supports_take"":false},""text"":{""supports_json_path"":false,""supports_take"":false}}}","{""binding"":{""allowed"":true,""allowed_selectors"":[""text"",""json"",""jsonl_first""],""object_shape"":[""from_step"",""from_file"",""selector""],""selector_rules"":{""json"":{""supports_json_path"":true,""supports_take"":false},""jsonl_first"":{""supports_json_path"":true,""supports_take"":false},""text"":{""supports_json_path"":false,""supports_take"":false}}},""id"":""hl"",""io"":""input"",""schema"":{""maxLength"":16,""minLength"":2,""nullable"":true}}",
wxz,0af9108b1057bba97d06bac3c64d75e531172de221616a8de5b329e35ac29210,INPUT,port,inputs.hq,hq,string,,text/plain,false,,,,,256,,,,,Optional terms that are AND-appended to the query.,,,,"{""allowed"":true,""allowed_selectors"":[""text"",""json"",""jsonl_first""],""object_shape"":[""from_step"",""from_file"",""selector""],""selector_rules"":{""json"":{""supports_json_path"":true,""supports_take"":false},""jsonl_first"":{""supports_json_path"":true,""supports_take"":false},""text"":{""supports_json_path"":false,""supports_take"":false}}}","{""binding"":{""allowed"":true,""allowed_selectors"":[""text"",""json"",""jsonl_first""],""object_shape"":[""from_step"",""from_file"",""selector""],""selector_rules"":{""json"":{""supports_json_path"":true,""supports_take"":false},""jsonl_first"":{""supports_json_path"":true,""supports_take"":false},""text"":{""supports_json_path"":false,""supports_take"":false}}},""id"":""hq"",""io"":""input"",""schema"":{""maxLength"":256,""nullable"":true}}",
wxz,0af9108b1057bba97d06bac3c64d75e531172de221616a8de5b329e35ac29210,INPUT,port,inputs.link_site,link_site,string,,text/plain,false,,,,,1024,,,,,Optional: all results should link to this URL.,,,,"{""allowed"":true,""allowed_selectors"":[""text"",""json"",""jsonl_first""],""object_shape"":[""from_step"",""from_file"",""selector""],""selector_rules"":{""json"":{""supports_json_path"":true,""supports_take"":false},""jsonl_first"":{""supports_json_path"":true,""supports_take"":false},""text"":{""supports_json_path"":false,""supports_take"":false}}}","{""binding"":{""allowed"":true,""allowed_selectors"":[""text"",""json"",""jsonl_first""],""object_shape"":[""from_step"",""from_file"",""selector""],""selector_rules"":{""json"":{""supports_json_path"":true,""supports_take"":false},""jsonl_first"":{""supports_json_path"":true,""supports_take"":false},""text"":{""supports_json_path"":false,""supports_take"":false}}},""id"":""link_site"",""io"":""input"",""schema"":{""maxLength"":1024,""nullable"":true}}",
wxz,0af9108b1057bba97d06bac3c64d75e531172de221616a8de5b329e35ac29210,INPUT,port,inputs.low_range,low_range,string,,text/plain,false,,,,,32,,,,,Optional numeric low range appended to query with high_range.,,,,"{""allowed"":true,""allowed_selectors"":[""text"",""json"",""jsonl_first""],""object_shape"":[""from_step"",""from_file"",""selector""],""selector_rules"":{""json"":{""supports_json_path"":true,""supports_take"":false},""jsonl_first"":{""supports_json_path"":true,""supports_take"":false},""text"":{""supports_json_path"":false,""supports_take"":false}}}","{""binding"":{""allowed"":true,""allowed_selectors"":[""text"",""json"",""jsonl_first""],""object_shape"":[""from_step"",""from_file"",""selector""],""selector_rules"":{""json"":{""supports_json_path"":true,""supports_take"":false},""jsonl_first"":{""supports_json_path"":true,""supports_take"":false},""text"":{""supports_json_path"":false,""supports_take"":false}}},""id"":""low_range"",""io"":""input"",""schema"":{""maxLength"":32,""nullable"":true}}",
wxz,0af9108b1057bba97d06bac3c64d75e531172de221616a8de5b329e35ac29210,INPUT,port,inputs.lr,lr,string,,text/plain,false,,,,,,,,,,"Optional document language restriction. Example values: lang_en, lang_ru.",,,,"{""allowed"":true,""allowed_selectors"":[""text"",""json"",""jsonl_first""],""object_shape"":[""from_step"",""from_file"",""selector""],""selector_rules"":{""json"":{""supports_json_path"":true,""supports_take"":false},""jsonl_first"":{""supports_json_path"":true,""supports_take"":false},""text"":{""supports_json_path"":false,""supports_take"":false}}}","{""binding"":{""allowed"":true,""allowed_selectors"":[""text"",""json"",""jsonl_first""],""object_shape"":[""from_step"",""from_file"",""selector""],""selector_rules"":{""json"":{""supports_json_path"":true,""supports_take"":false},""jsonl_first"":{""supports_json_path"":true,""supports_take"":false},""text"":{""supports_json_path"":false,""supports_take"":false}}},""id"":""lr"",""io"":""input"",""schema"":{""nullable"":true}}",
wxz,0af9108b1057bba97d06bac3c64d75e531172de221616a8de5b329e35ac29210,INPUT,port,inputs.max_items_per_query,max_items_per_query,integer,,text/plain,false,100,1,100,,,,,,,Requested max results per query (hard-capped at 100 per query). The module always pages by 10 results until it reaches the cap or runs out of results.,"[50,100]",,,"{""allowed"":true,""allowed_selectors"":[""text"",""json"",""jsonl_first"",""jsonl"",""lines""],""object_shape"":[""from_step"",""from_file"",""selector""],""selector_rules"":{}}","{""binding"":{""allowed"":true,""allowed_selectors"":[""text"",""json"",""jsonl_first"",""jsonl"",""lines""],""object_shape"":[""from_step"",""from_file"",""selector""],""selector_rules"":{}},""id"":""max_items_per_query"",""io"":""input"",""schema"":{""examples"":[50,100],""maximum"":100,""minimum"":1}}",
wxz,0af9108b1057bba97d06bac3c64d75e531172de221616a8de5b329e35ac29210,INPUT,port,inputs.or_terms,or_terms,string,,text/plain,false,,,,,256,,,,,Optional OR terms; each result must contain at least one of these terms.,,,,"{""allowed"":true,""allowed_selectors"":[""text"",""json"",""jsonl_first""],""object_shape"":[""from_step"",""from_file"",""selector""],""selector_rules"":{""json"":{""supports_json_path"":true,""supports_take"":false},""jsonl_first"":{""supports_json_path"":true,""supports_take"":false},""text"":{""supports_json_path"":false,""supports_take"":false}}}","{""binding"":{""allowed"":true,""allowed_selectors"":[""text"",""json"",""jsonl_first""],""object_shape"":[""from_step"",""from_file"",""selector""],""selector_rules"":{""json"":{""supports_json_path"":true,""supports_take"":false},""jsonl_first"":{""supports_json_path"":true,""supports_take"":false},""text"":{""supports_json_path"":false,""supports_take"":false}}},""id"":""or_terms"",""io"":""input"",""schema"":{""maxLength"":256,""nullable"":true}}",
wxz,0af9108b1057bba97d06bac3c64d75e531172de221616a8de5b329e35ac29210,INPUT,port,inputs.queries,queries,array,string,application/json,true,,,,,,1,5,,,"List of full search request strings. The module runs up to one Google Custom Search request per query string. Example: [""federal reserve inflation outlook"", ""tesla FSD data valuation""].",,,,"{""allowed"":true,""allowed_selectors"":[""lines""],""object_shape"":[""from_step"",""from_file"",""selector""],""selector_rules"":{""lines"":{""max_take"":5,""supports_json_path"":false,""supports_take"":true}}}","{""binding"":{""allowed"":true,""allowed_selectors"":[""lines""],""object_shape"":[""from_step"",""from_file"",""selector""],""selector_rules"":{""lines"":{""max_take"":5,""supports_json_path"":false,""supports_take"":true}}},""id"":""queries"",""io"":""input"",""schema"":{""items"":{""maxLength"":256,""minLength"":1},""maxItems"":5,""minItems"":1}}",
wxz,0af9108b1057bba97d06bac3c64d75e531172de221616a8de5b329e35ac29210,INPUT,port,inputs.rights,rights,string,,text/plain,false,,,,,,,,,,Optional licensing filter string.,,,,"{""allowed"":true,""allowed_selectors"":[""text"",""json"",""jsonl_first""],""object_shape"":[""from_step"",""from_file"",""selector""],""selector_rules"":{""json"":{""supports_json_path"":true,""supports_take"":false},""jsonl_first"":{""supports_json_path"":true,""supports_take"":false},""text"":{""supports_json_path"":false,""supports_take"":false}}}","{""binding"":{""allowed"":true,""allowed_selectors"":[""text"",""json"",""jsonl_first""],""object_shape"":[""from_step"",""from_file"",""selector""],""selector_rules"":{""json"":{""supports_json_path"":true,""supports_take"":false},""jsonl_first"":{""supports_json_path"":true,""supports_take"":false},""text"":{""supports_json_path"":false,""supports_take"":false}}},""id"":""rights"",""io"":""input"",""schema"":{""nullable"":true}}",
wxz,0af9108b1057bba97d06bac3c64d75e531172de221616a8de5b329e35ac29210,INPUT,port,inputs.safe,safe,string,,text/plain,false,"""active""",,,,,,,,"[""active"",""off""]","SafeSearch filtering. ENUM: active, off. Default active.",,,,"{""allowed"":true,""allowed_selectors"":[""text"",""json"",""jsonl_first""],""object_shape"":[""from_step"",""from_file"",""selector""],""selector_rules"":{""json"":{""supports_json_path"":true,""supports_take"":false},""jsonl_first"":{""supports_json_path"":true,""supports_take"":false},""text"":{""supports_json_path"":false,""supports_take"":false}}}","{""binding"":{""allowed"":true,""allowed_selectors"":[""text"",""json"",""jsonl_first""],""object_shape"":[""from_step"",""from_file"",""selector""],""selector_rules"":{""json"":{""supports_json_path"":true,""supports_take"":false},""jsonl_first"":{""supports_json_path"":true,""supports_take"":false},""text"":{""supports_json_path"":false,""supports_take"":false}}},""id"":""safe"",""io"":""input"",""schema"":{""enum"":[""active"",""off""]}}",
wxz,0af9108b1057bba97d06bac3c64d75e531172de221616a8de5b329e35ac29210,INPUT,port,inputs.site_search,site_search,string,,text/plain,false,,,,,256,,,,,Optional site to include or exclude (use with site_search_filter). Example: reuters.com.,,,,"{""allowed"":true,""allowed_selectors"":[""text"",""json"",""jsonl_first""],""object_shape"":[""from_step"",""from_file"",""selector""],""selector_rules"":{""json"":{""supports_json_path"":true,""supports_take"":false},""jsonl_first"":{""supports_json_path"":true,""supports_take"":false},""text"":{""supports_json_path"":false,""supports_take"":false}}}","{""binding"":{""allowed"":true,""allowed_selectors"":[""text"",""json"",""jsonl_first""],""object_shape"":[""from_step"",""from_file"",""selector""],""selector_rules"":{""json"":{""supports_json_path"":true,""supports_take"":false},""jsonl_first"":{""supports_json_path"":true,""supports_take"":false},""text"":{""supports_json_path"":false,""supports_take"":false}}},""id"":""site_search"",""io"":""input"",""schema"":{""maxLength"":256,""nullable"":true}}",
wxz,0af9108b1057bba97d06bac3c64d75e531172de221616a8de5b329e35ac29210,INPUT,port,inputs.site_search_filter,site_search_filter,string,,text/plain,false,,,,,,,,,"[""i"",""e"",null]","If site_search is set: ENUM i=include, e=exclude.",,,,"{""allowed"":true,""allowed_selectors"":[""text"",""json"",""jsonl_first""],""object_shape"":[""from_step"",""from_file"",""selector""],""selector_rules"":{""json"":{""supports_json_path"":true,""supports_take"":false},""jsonl_first"":{""supports_json_path"":true,""supports_take"":false},""text"":{""supports_json_path"":false,""supports_take"":false}}}","{""binding"":{""allowed"":true,""allowed_selectors"":[""text"",""json"",""jsonl_first""],""object_shape"":[""from_step"",""from_file"",""selector""],""selector_rules"":{""json"":{""supports_json_path"":true,""supports_take"":false},""jsonl_first"":{""supports_json_path"":true,""supports_take"":false},""text"":{""supports_json_path"":false,""supports_take"":false}}},""id"":""site_search_filter"",""io"":""input"",""schema"":{""enum"":[""i"",""e"",null],""nullable"":true}}",
wxz,0af9108b1057bba97d06bac3c64d75e531172de221616a8de5b329e35ac29210,INPUT,port,inputs.sort,sort,string,,text/plain,false,,,,,128,,,,,Optional sort expression (engine-dependent).,,,,"{""allowed"":true,""allowed_selectors"":[""text"",""json"",""jsonl_first""],""object_shape"":[""from_step"",""from_file"",""selector""],""selector_rules"":{""json"":{""supports_json_path"":true,""supports_take"":false},""jsonl_first"":{""supports_json_path"":true,""supports_take"":false},""text"":{""supports_json_path"":false,""supports_take"":false}}}","{""binding"":{""allowed"":true,""allowed_selectors"":[""text"",""json"",""jsonl_first""],""object_shape"":[""from_step"",""from_file"",""selector""],""selector_rules"":{""json"":{""supports_json_path"":true,""supports_take"":false},""jsonl_first"":{""supports_json_path"":true,""supports_take"":false},""text"":{""supports_json_path"":false,""supports_take"":false}}},""id"":""sort"",""io"":""input"",""schema"":{""maxLength"":128,""nullable"":true}}",
wxz,0af9108b1057bba97d06bac3c64d75e531172de221616a8de5b329e35ac29210,OUTPUT,port,outputs.report,report,file,,application/json,,,,,,,,,,,"Run summary (timing, counts, errors).",,report.json,"{""additionalProperties"":true,""properties"":{""max_items_per_query"":{""type"":""integer""},""module_id"":{""const"":""wxz"",""type"":""string""},""per_query"":{""items"":{""properties"":{""fetched_items_total"":{""type"":""integer""},""last_error"":{""type"":[""string"",""null""]},""pages_requested"":{""type"":""integer""},""query"":{""type"":""string""},""query_index"":{""type"":""integer""},""requested"":{""type"":""integer""},""written"":{""type"":""integer""}},""required"":[""query_index"",""query"",""requested"",""written""],""type"":""object""},""type"":""array""},""queries_count"":{""type"":""integer""},""total_written"":{""type"":""integer""}},""required"":[""module_id"",""queries_count"",""max_items_per_query"",""total_written"",""per_query""],""type"":""object""}",,"{""content_schema"":{""additionalProperties"":true,""properties"":{""max_items_per_query"":{""type"":""integer""},""module_id"":{""const"":""wxz"",""type"":""string""},""per_query"":{""items"":{""properties"":{""fetched_items_total"":{""type"":""integer""},""last_error"":{""type"":[""string"",""null""]},""pages_requested"":{""type"":""integer""},""query"":{""type"":""string""},""query_index"":{""type"":""integer""},""requested"":{""type"":""integer""},""written"":{""type"":""integer""}},""required"":[""query_index"",""query"",""requested"",""written""],""type"":""object""},""type"":""array""},""queries_count"":{""type"":""integer""},""total_written"":{""type"":""integer""}},""required"":[""module_id"",""queries_count"",""max_items_per_query"",""total_written"",""per_query""],""type"":""object""},""format"":""application/json"",""id"":""report"",""io"":""output"",""path"":""report.json""}",
wxz,0af9108b1057bba97d06bac3c64d75e531172de221616a8de5b329e35ac29210,OUTPUT,port,outputs.results,results,file,,application/x-jsonlines,,,,,,,,,,,One JSON object per line: query + search result item.,,results.jsonl,"{""additionalProperties"":false,""properties"":{""cache_id"":{""type"":[""string"",""null""]},""canonical_url"":{""type"":""string""},""display_link"":{""type"":[""string"",""null""]},""formatted_url"":{""type"":[""string"",""null""]},""mime"":{""type"":[""string"",""null""]},""module_id"":{""const"":""wxz"",""type"":""string""},""query"":{""type"":""string""},""query_index"":{""minimum"":1,""type"":""integer""},""raw_item"":{""type"":""object""},""search_information"":{""type"":""object""},""snippet"":{""type"":[""string"",""null""]},""title"":{""type"":[""string"",""null""]},""url"":{""type"":[""string"",""null""]}},""required"":[""module_id"",""query_index"",""query"",""title"",""snippet"",""url"",""canonical_url"",""raw_item""],""type"":""object""}",,"{""content_schema"":{""additionalProperties"":false,""properties"":{""cache_id"":{""type"":[""string"",""null""]},""canonical_url"":{""type"":""string""},""display_link"":{""type"":[""string"",""null""]},""formatted_url"":{""type"":[""string"",""null""]},""mime"":{""type"":[""string"",""null""]},""module_id"":{""const"":""wxz"",""type"":""string""},""query"":{""type"":""string""},""query_index"":{""minimum"":1,""type"":""integer""},""raw_item"":{""type"":""object""},""search_information"":{""type"":""object""},""snippet"":{""type"":[""string"",""null""]},""title"":{""type"":[""string"",""null""]},""url"":{""type"":[""string"",""null""]}},""required"":[""module_id"",""query_index"",""query"",""title"",""snippet"",""url"",""canonical_url"",""raw_item""],""type"":""object""},""format"":""application/x-jsonlines"",""id"":""results"",""io"":""output"",""path"":""results.jsonl""}",
